Hello,Hello World!
Hello,Hello World!
What where the major accomplishment during the reporting period?,There are some things I just don't know about yet.
hi,Is there a different way you can ask that?
hello,Hello World!
Hello,Hello World!
What where the major accomplishment during the reporting period?,I'm not sure about that.
Hello,Hello World!
what is love,love is all about you 
,I'm not sure about that.
Hello,Hello World!
What where the major accomplishment during the reporting period?,To show profeciency during work situations
what is love,love is all about you 
Hello,Hello World!
are there financial obligation or fees for graduation?,there may be financial obligation or fees associated with graduation.
Graduating Student Question,I will have to give that some thought.
is there a minimum GPA needed?,"yes, there have need GPA for graduation."
Graduating Student Question,I don't really know what you are asking.
Graduating Student Question,I'm not sure about that.
wd,There are some things I just don't know about yet.
Graduating Student Question,I don't have a response for that.
Hello,Hello World!
Hello,Hello World!
Hello,Hello World!
Hello,Hello World!
Graduating Student Question,I'm not sure about that.
Graduating Student Question,Can you try rephrasing that please?
Graduating Student Question,I don't know.
Graduating Student Question,I don't really know what you are asking.
hello,Hello World!
Graduating Student Question,I could not tell you.
Graduating Student Question,I'm not sure about that.
vfsg,I don't have a response for that.
Graduating Student Question,There are some things I just don't know about yet.
dcg,Is there a different way you can ask that?
Graduating Student Question,I could not tell you.
Graduating Student Question,Can you try rephrasing that please?
fgzdg,I'll need to take some time to think on that.
efwg,I'm not an expert on that.
sd,I will have to give that some thought.
,I'll need to take some time to think on that.
Graduating Student Question,I'm not an expert on that.
sdss,I don't have a response for that.
asXC,Is there a different way you can ask that?
DS,I'm not sure about that.
Graduating Student Question,I don't know.
Graduating Student Question,I don't really know what you are asking.
fwfw,I will have to give that some thought.
Graduating Student Question,Is there a different way you can ask that?
dfgs,I don't really know what you are asking.
,I don't really know what you are asking.
,Can you try rephrasing that please?
Graduating Student Question,I don't know.
adac,I don't know.
Graduating Student Question,I'll need to take some time to think on that.
Graduating Student Question,Is there a different way you can ask that?
Graduating Student Question,Is there a different way you can ask that?
Graduating Student Question,I'm not an expert on that.
Graduating Student Question,Is there a different way you can ask that?
,I will have to give that some thought.
rfgwrg,I'm not an expert on that.
Graduating Student Question,Can you try rephrasing that please?
Graduating Student Question,I don't know.
Graduating Student Question,I don't know.
Graduating Student Question,Is there a different way you can ask that?
Graduating Student Question,I'm not sure about that.
Graduating Student Question,I will have to give that some thought.
Graduating Student Question,I could not tell you.
jmgjk,I don't know.
,Is there a different way you can ask that?
Graduating Student Question,I don't know.
Graduating Student Question,I'll need to take some time to think on that.
Graduating Student Question,Can you try rephrasing that please?
Graduating Student Question,Can you try rephrasing that please?
Graduating Student Question,Can you try rephrasing that please?
Graduating Student Question,There are some things I just don't know about yet.
Graduating Student Question,I don't know.
Graduating Student Question,I'll need to take some time to think on that.
Graduating Student Question,I'm not an expert on that.
Graduating Student Question,I don't really know what you are asking.
Graduating Student Question,I don't have a response for that.
Graduating Student Question,I'll need to take some time to think on that.
Graduating Student Question,Can you try rephrasing that please?
Graduating Student Question,I'll need to take some time to think on that.
Graduating Student Question,Is there a different way you can ask that?
Graduating Student Question,There are some things I just don't know about yet.
Graduating Student Question,Is there a different way you can ask that?
Graduating Student Question,There are some things I just don't know about yet.
Graduating Student Question,I'll need to take some time to think on that.
Graduating Student Question,I'm not sure about that.
hello,Hello World!
,I'm not an expert on that.
HELLO,I don't really know what you are asking.
Graduating Student Question,Is there a different way you can ask that?
hello,Hello World!
Do you know what time it is?,getTime()
,I could not tell you.
Do you know what time it is?,getTime()
Graduating Student Question,I could not tell you.
Graduating Student Question,I don't know.
f,Can you try rephrasing that please?
Graduating Student Question,I don't know.
Graduating Student Question,I will have to give that some thought.
Graduating Student Question,Can you try rephrasing that please?
Graduating Student Question,I'll need to take some time to think on that.
Graduating Student Question,I'll need to take some time to think on that.
hi,Can you try rephrasing that please?
Graduating Student Question,I'm not an expert on that.
Graduating Student Question,Can you try rephrasing that please?
Graduating Student Question,I don't know.
Graduating Student Question,I don't really know what you are asking.
Graduating Student Question,I don't have a response for that.
Graduating Student Question,I could not tell you.
Graduating Student Question,I don't really know what you are asking.
Graduating Student Question,I'm not sure about that.
Graduating Student Question,There are some things I just don't know about yet.
ffg,Can you try rephrasing that please?
Graduating Student Question,I'm not an expert on that.
Graduating Student Question,Can you try rephrasing that please?
Graduating Student Question,I don't have a response for that.
Graduating Student Question,There are some things I just don't know about yet.
Graduating Student Question,I could not tell you.
Graduating Student Question,I could not tell you.
Graduating Student Question,There are some things I just don't know about yet.
Graduating Student Question,Can you try rephrasing that please?
Graduating Student Question,I could not tell you.
Graduating Student Question,I could not tell you.
Graduating Student Question,Can you try rephrasing that please?
Graduating Student Question,Can you try rephrasing that please?
Graduating Student Question,Can you try rephrasing that please?
Graduating Student Question,I will have to give that some thought.
Graduating Student Question,Can you try rephrasing that please?
Graduating Student Question,I'm not an expert on that.
Graduating Student Question,Is there a different way you can ask that?
Graduating Student Question,I don't know.
hello,Hello World!
hi,I don't really know what you are asking.
fgfg,Can you try rephrasing that please?
,I'll need to take some time to think on that.
,I don't have a response for that.
,I don't really know what you are asking.
,I don't have a response for that.
,I'm not an expert on that.
,Is there a different way you can ask that?
jghj,I don't have a response for that.
bujk,Is there a different way you can ask that?
,I don't really know what you are asking.
ihlji,Is there a different way you can ask that?
,I don't really know what you are asking.
Graduating Student Question,I don't have a response for that.
Graduating Student Question,Can you try rephrasing that please?
Graduating Student Question,I don't know.
hello,Hello World!
Graduating Student Question,I'm not an expert on that.
hello,Hello World!
,Can you try rephrasing that please?
Graduating Student Question,I could not tell you.
Graduating Student Question,I don't know.
Graduating Student Question,I don't have a response for that.
Graduating Student Question,I'll need to take some time to think on that.
hello,Hello World!
,Can you try rephrasing that please?
Graduating Student Question,There are some things I just don't know about yet.
Graduating Student Question,Is there a different way you can ask that?
hello,Hello World!
,I don't know.
Graduating Student Question,I could not tell you.
hello,Hello World!
Graduating Student Question,I could not tell you.
hello,Hello World!
Graduating Student Question,I don't really know what you are asking.
hello,Hello World!
Graduating Student Question,Can you try rephrasing that please?
hello,Hello World!
Graduating Student Question,I'm not an expert on that.
hello,Hello World!
Graduating Student Question,I don't really know what you are asking.
hello,Hello World!
Graduating Student Question,I'll need to take some time to think on that.
hello,Hello World!
Graduating Student Question,I don't know.
hello,Hello World!
hello,Hello World!
Graduating Student Question,Is there a different way you can ask that?
hello,Hello World!
Graduating Student Question,There are some things I just don't know about yet.
hello,Hello World!
wha is love ,love is all about you 
Graduating Student Question,I'm not an expert on that.
hello,Hello World!
hi,I don't really know what you are asking.
what is love?,love is all about you 
